n_revisions,variant,query,median_ms,data_mb,index_mb,load_s,partition_count,partition_names,correct_content
100,plain,as_of_old,2.182,6.83,0.0,0.36,0,,True
100,plain,as_of_middle,1.21,6.83,0.0,0.36,0,,True
100,plain,as_of_recent,1.018,6.83,0.0,0.36,0,,True
100,partitioned,as_of_old,1.82,7.37,0.0,0.4,2,"p_current,p_history",True
100,partitioned,as_of_middle,1.631,7.37,0.0,0.4,2,"p_current,p_history",True
100,partitioned,as_of_recent,0.987,7.37,0.0,0.4,2,"p_current,p_history",True
1000,plain,as_of_old,8.903,53.72,0.0,2.43,0,,True
1000,plain,as_of_middle,6.428,53.72,0.0,2.43,0,,True
1000,plain,as_of_recent,0.775,53.72,0.0,2.43,0,,True
1000,partitioned,as_of_old,10.244,46.69,0.0,2.49,2,"p_current,p_history",True
1000,partitioned,as_of_middle,5.084,46.69,0.0,2.49,2,"p_current,p_history",True
1000,partitioned,as_of_recent,1.352,46.69,0.0,2.49,2,"p_current,p_history",True
10000,plain,as_of_old,82.242,342.08,0.0,24.39,0,,True
10000,plain,as_of_middle,44.442,342.08,0.0,24.39,0,,True
10000,plain,as_of_recent,0.86,342.08,0.0,24.39,0,,True
10000,partitioned,as_of_old,77.863,336.1,0.0,26.47,2,"p_current,p_history",True
10000,partitioned,as_of_middle,39.498,336.1,0.0,26.47,2,"p_current,p_history",True
10000,partitioned,as_of_recent,0.945,336.1,0.0,26.47,2,"p_current,p_history",True
